Tenant ID,Check Date,Actual Individual Payment,Unit ZIP
T82460,7/24/2020,"$2,857.37 ",1520
T82460,7/24/2020,"($2,857.37)",1520
1500022515,7/29/2020,"$3,250.00 ",1850
1500022515,7/29/2020,"($3,250.00)",1850
1500022515,7/30/2020,"($3,250.00)",1850
1500022515,7/30/2020,"$3,250.00 ",1850
1500022515,7/30/2020,"$3,250.00 ",1850
1500022515,7/30/2020,"($3,250.00)",1850
T82690,7/31/2020,"$1,435.78 ",1570
T82690,7/31/2020,"($1,435.78)",1570
1500022515,8/1/2020,"$6,500.00 ",1850
1500022515,8/1/2020,"($3,250.00)",1850
T82481,8/1/2020,"$4,000.00 ",1801
T82470,8/1/2020,"$4,000.00 ",2134
T82502,8/1/2020,"$3,582.88 ",2119
1500022515,8/1/2020,"($6,500.00)",1850
1500022515,8/1/2020,"$3,250.00 ",1850
900024134,8/6/2020,"$1,444.00 ",2375
T82761,8/13/2020,"$4,000.00 ",2302
T82758,8/13/2020,"$3,300.00 ",2360
T82460,8/14/2020,"$4,000.00 ",1520
T82690,8/14/2020,"$1,435.78 ",1570
T83060,8/15/2020,"$4,000.00 ",2120
600112839,8/15/2020,"$4,000.00 ",2124
T81420,8/20/2020,"$4,000.00 ",2721
T83434,8/21/2020,"$2,976.00 ",2124
T82638,8/25/2020,"$1,374.00 ",1824
t82323,8/25/2020,"$3,400.00 ",1844
200045319,8/25/2020,"$3,850.00 ",1844
200041205,8/25/2020,"$1,176.00 ",1841
1500022515,8/25/2020,"$3,250.00 ",1850
1500022515,8/25/2020,"($3,250.00)",1850
200040005,8/31/2020,"$4,000.00 ",1832
T80761,8/31/2020,"$4,000.00 ",1841
T83474,8/31/2020,"$2,800.00 ",1844
T71687,8/31/2020,"$2,099.67 ",1089
T83203,8/31/2020,$486.76 ,1119
T83293,8/31/2020,"$3,500.00 ",1109
T83525,8/31/2020,$423.32 ,1028
T71687,8/31/2020,"($2,099.67)",1089
T83203,8/31/2020,($486.76),1119
T83293,8/31/2020,"($3,500.00)",1109
T83525,8/31/2020,($423.32),1028
T83310,9/1/2020,"$3,574.89 ",2301
T83647,9/1/2020,"$4,000.00 ",2126
T83651,9/1/2020,"$2,996.57 ",2121
T83551,9/1/2020,"$2,250.00 ",1129
T83551,9/1/2020,$950.00 ,1129
T71687,9/1/2020,"$2,099.67 ",1089
T83377,9/1/2020,"$4,000.00 ",1028
T83203,9/1/2020,$486.76 ,1119
T83293,9/1/2020,"$3,500.00 ",1109
T83525,9/1/2020,$423.32 ,1028
T71687,9/1/2020,"($2,099.67)",1089
T83377,9/1/2020,"($4,000.00)",1028
T83203,9/1/2020,($486.76),1119
T83293,9/1/2020,"($3,500.00)",1109
T83525,9/1/2020,($423.32),1028
T71687,9/2/2020,"$2,099.67 ",1089
T83377,9/2/2020,"$4,000.00 ",1028
T83203,9/2/2020,$486.76 ,1119
T59277,9/2/2020,"$2,810.00 ",1109
T83293,9/2/2020,"$3,500.00 ",1109
T83525,9/2/2020,$423.32 ,1028
T83480,9/3/2020,"$3,400.00 ",2346
T83659,9/3/2020,"$3,569.00 ",2048
900035766,9/3/2020,"$3,159.00 ",2633
T83341,9/3/2020,$950.00 ,2561
T82348,9/3/2020,"$3,449.30 ",2631
400025539,9/3/2020,"$3,590.00 ",2664
T82780,9/3/2020,"$3,720.73 ",2649
T82625,9/4/2020,"$4,000.00 ",1960
T82740,9/4/2020,"$3,535.00 ",1906
T82395,9/4/2020,"$4,000.00 ",1906
T83924,9/4/2020,"$4,000.00 ",2151
T83824,9/4/2020,"$4,000.00 ",2121
T83744,9/4/2020,"$4,000.00 ",2171
T84071,9/10/2020,"$4,000.00 ",1060
T83468,9/10/2020,"$3,400.00 ",1002
T83922,9/10/2020,"$4,000.00 ",1056
T84556,9/11/2020,"$4,000.00 ",2121
T82823,9/15/2020,"$2,400.00 ",1960
1500022515,9/15/2020,"$3,250.00 ",1850
T82572,9/15/2020,"$3,033.00 ",1810
200033554,9/15/2020,"$4,000.00 ",1841
T82123,9/15/2020,"$2,878.00 ",1843
1000003645,9/15/2020,"$4,000.00 ",
T83708,9/15/2020,"$4,000.00 ",1844
200019442,9/15/2020,"$2,634.00 ",1840
200031877,9/15/2020,"$3,400.00 ",1844
T79799,9/15/2020,"$4,000.00 ",1835
T83944,9/17/2020,"$4,000.00 ",2301
T84163,9/17/2020,"$4,000.00 ",2301
T84153,9/17/2020,"$3,600.00 ",2301
400025307,9/17/2020,"$3,800.00 ",2536
T84677,9/17/2020,"$4,000.00 ",2632
T83525,9/17/2020,($423.32),1028
T84770,9/18/2020,"$4,000.00 ",2155
T84767,9/18/2020,"$4,000.00 ",2184
T82100,9/18/2020,"$3,600.00 ",1201
T82100,9/18/2020,$400.00 ,1201
T84865,9/24/2020,"$3,698.00 ",2301
T83915,9/24/2020,"$2,400.00 ",2301
T83619,9/24/2020,$921.86 ,1020
T84741,9/24/2020,"$1,450.00 ",1108
T84164,9/29/2020,"$4,000.00 ",1902
T84001,9/29/2020,"$3,159.00 ",1960
T83614,9/29/2020,"$4,000.00 ",1960
T84807,9/30/2020,"$3,310.00 ",1844
200039881,9/30/2020,"$3,975.00 ",1830
T82572,9/30/2020,$967.00 ,1810
t82301,9/30/2020,"$4,000.00 ",1841
T82935,9/30/2020,"$4,000.00 ",1840
200041609,9/30/2020,"$2,230.00 ",1850
T35111,10/1/2020,"$3,250.00 ",1603
T85011,10/1/2020,"$2,220.00 ",1606
T83465,10/1/2020,"$3,737.16 ",1453
T84598,10/1/2020,"$2,396.00 ",2038
T84598,10/1/2020,"$1,198.00 ",2038
T54657,10/1/2020,"$3,285.00 ",1604
T83921,10/1/2020,"$1,663.74 ",1420
T55902,10/1/2020,"$3,800.00 ",1534
T84840,10/1/2020,"$3,592.00 ",2760
T84901,10/1/2020,"$2,836.53 ",2169
T84863,10/1/2020,"$4,000.00 ",2120
T84899,10/1/2020,"$4,000.00 ",2148
T84990,10/1/2020,"$1,650.00 ",2124
T84898,10/1/2020,"$4,000.00 ",2118
T84862,10/1/2020,"$4,000.00 ",2215
T83341,10/1/2020,$750.00 ,2561
T83551,10/1/2020,$800.00 ,1129
500108612,10/1/2020,$913.50 ,1040
T84862,10/1/2020,"($4,000.00)",2215
T83673,10/5/2020,"$3,961.60 ",2072
T84749,10/5/2020,"$4,000.00 ",1742
T84683,10/8/2020,"$4,000.00 ",2370
T85098,10/8/2020,"$4,000.00 ",2720
900026719,10/8/2020,"$1,000.00 ",2346
T85087,10/8/2020,"$4,000.00 ",2703
84632,10/8/2020,"$4,000.00 ",1001
T85031,10/8/2020,"$2,550.00 ",1020
T85031,10/8/2020,$725.00 ,1020
T83642,10/8/2020,"$1,780.00 ",1201
T83642,10/8/2020,$892.00 ,1201
T500086332,10/8/2020,"$3,500.00 ",1109
T83624,10/8/2020,"$2,900.99 ",1085
T83624,10/8/2020,$366.33 ,1085
T83624,10/8/2020,$366.33 ,1085
T83642,10/8/2020,$24.65 ,1201
T83619,10/8/2020,$921.86 ,1020
17040,10/8/2020,"$4,000.00 ",1007
T83854,10/8/2020,"$3,850.00 ",1060
T84692,10/8/2020,"$4,000.00 ",1104
T85437,10/8/2020,"$4,000.00 ",1013
T85705,10/9/2020,"$4,000.00 ",2136
600198261,10/9/2020,"$3,076.00 ",2131
600146201,10/9/2020,"$4,000.00 ",2124
600110878,10/9/2020,"$4,000.00 ",2149
T84862,10/9/2020,"$4,000.00 ",2215
T84877,10/14/2020,"$1,413.00 ",1844
T85728,10/14/2020,"$3,065.00 ",1835
T82503,10/14/2020,"$4,000.00 ",1841
T85295,10/14/2020,"$4,000.00 ",1852
T85721,10/14/2020,"$1,565.00 ",1862
t82943,10/14/2020,"$4,000.00 ",1835
T85451,10/14/2020,"$3,350.00 ",1844
200033416,10/14/2020,"$3,034.00 ",1841
T16065,10/14/2020,"$1,262.48 ",1119
T16065,10/14/2020,"$1,262.41 ",1119
T85635,10/14/2020,"$3,074.75 ",1085
T85153,10/15/2020,"$3,865.84 ",2724
600085937,10/15/2020,"$3,300.00 ",2368
T85617,10/15/2020,"$4,000.00 ",2724
T85498,10/15/2020,"$4,000.00 ",2025
600085910,10/15/2020,"$4,000.00 ",2186
T85623,10/15/2020,"$2,054.00 ",1364
T85102,10/18/2020,"$4,000.00 ",2062
T85320,10/18/2020,"$1,063.23 ",2072
T85320,10/18/2020,"$1,063.23 ",2072
T85597,10/19/2020,"$3,027.00 ",1606
T84666,10/19/2020,"$4,000.00 ",1504
T85386,10/19/2020,"$2,150.00 ",1606
T85385,10/19/2020,"$3,808.85 ",1540
T85259,10/19/2020,$400.00 ,1570
T85259,10/19/2020,"$1,345.66 ",1570
T85486,10/19/2020,"$2,024.91 ",1570
T85486,10/19/2020,$674.97 ,1570
T85436,10/19/2020,"$3,852.00 ",1602
T85649,10/19/2020,"$3,790.55 ",1604
1500023484,10/22/2020,"$2,800.00 ",1020
1500023484,10/22/2020,"$1,200.00 ",1020
T500119917,10/22/2020,"$4,000.00 ",1085
1500023484,10/22/2020,"($2,800.00)",1020
1500023484,10/22/2020,"($1,200.00)",1020
T85424,10/23/2020,"$4,000.00 ",2346
600127188,10/23/2020,"$4,000.00 ",2169
T85951,10/23/2020,"$1,992.08 ",2118
T85943,10/23/2020,"$2,116.00 ",2120
T85919,10/23/2020,"$4,000.00 ",2150
T86054,10/23/2020,"$4,000.00 ",1772
T86355,10/26/2020,$503.09 ,1109
T85548,10/28/2020,"$2,704.00 ",1960
T84952,10/28/2020,"$4,000.00 ",1902
T85076,10/28/2020,"$4,000.00 ",1902
200033714,10/28/2020,"$3,400.00 ",1830
T85851,10/28/2020,"$1,600.00 ",1835
T80214,10/28/2020,"$3,900.00 ",1851
1500027488,10/28/2020,"$4,000.00 ",1830
200018464,10/28/2020,"$1,526.00 ",1810
200032616,10/28/2020,"$3,370.00 ",1852
T85909,10/28/2020,"$2,800.00 ",1840
200041205,10/28/2020,"$1,176.00 ",1841
T85733,10/29/2020,"$2,077.06 ",1057
T86187,10/30/2020,"$4,000.00 ",1545
T83642,10/31/2020,($24.65),1201
T85682,11/1/2020,"$4,000.00 ",2771
T85652,11/1/2020,"$1,402.89 ",2061
T85908,11/1/2020,"$3,525.39 ",2715
T85873,11/1/2020,"$4,000.00 ",2703
T86194,11/1/2020,"$3,413.30 ",1301
T85623,11/1/2020,"$1,027.00 ",1364
T85951,11/1/2020,"$2,003.00 ",2118
T86125,11/1/2020,"$3,100.00 ",2451
T86155,11/1/2020,"$4,000.00 ",2151
T83341,11/1/2020,$750.00 ,2561
T85486,11/1/2020,$674.97 ,1570
T85844,11/5/2020,"$4,000.00 ",1572
1500027195,11/5/2020,"$4,000.00 ",2780
T85773,11/5/2020,"$4,000.00 ",2720
T86127,11/5/2020,"$4,000.00 ",2740
T83947,11/5/2020,"$4,000.00 ",2740
T85716,11/5/2020,"$4,000.00 ",1109
T85031,11/5/2020,$725.00 ,1020
T83948,11/5/2020,"$3,600.00 ",1001
T83642,11/5/2020,$892.00 ,1201
T85836,11/5/2020,"$2,924.00 ",1040
T16065,11/5/2020,"$1,262.41 ",1119
T83619,11/5/2020,$921.86 ,1020
T85733,11/5/2020,$961.47 ,1057
T85507,11/5/2020,$739.83 ,1109
T84847,11/5/2020,"$4,000.00 ",1013
T85409,11/5/2020,"$2,850.00 ",1013
T85409,11/5/2020,$950.00 ,1013
T84588,11/5/2020,"$1,100.00 ",1109
T84588,11/5/2020,"$1,100.00 ",1109
T85506,11/5/2020,"$2,400.00 ",1013
T85506,11/5/2020,$800.00 ,1013
T83624,11/5/2020,$366.33 ,1085
400025353,11/5/2020,"$4,000.00 ",2649
T85678,11/5/2020,$300.00 ,2601
T85678,11/5/2020,"$1,600.00 ",2601
T86339,11/6/2020,"$2,520.00 ",2119
T86340,11/6/2020,"$4,000.00 ",2130
T86331,11/6/2020,"$3,147.17 ",2186
T86552,11/6/2020,"$4,000.00 ",2038
T86319,11/12/2020,"$3,497.46 ",2050
T86272,11/12/2020,"$4,000.00 ",2723
T86408,11/12/2020,"$4,000.00 ",2351
T85764,11/12/2020,"$3,520.00 ",2301
900021775,11/12/2020,"$4,000.00 ",2301
T85686,11/12/2020,"$4,000.00 ",1095
T86486,11/12/2020,"$3,698.44 ",1104
T85860,11/12/2020,"$3,864.00 ",1040
T83587,11/12/2020,"$3,460.00 ",1089
T77564,11/12/2020,"$1,397.24 ",1020
T85417,11/12/2020,"$4,000.00 ",1020
T80276,11/12/2020,"$2,073.58 ",2601
T86669,11/13/2020,"$1,800.00 ",2169
1500011554,11/13/2020,"$4,000.00 ",2120
T86579,11/13/2020,"$4,000.00 ",2124
T86802,11/13/2020,"$4,000.00 ",1453
T86176,11/13/2020,"$4,000.00 ",1970
200044711,11/13/2020,"$2,400.00 ",1841
T85433,11/13/2020,"$1,245.00 ",1960
T85081,11/13/2020,"$4,000.00 ",1905
T86142,11/16/2020,"$4,000.00 ",2090
T86183,11/16/2020,"$4,000.00 ",1702
T86147,11/16/2020,"$3,100.00 ",1748
T86280,11/16/2020,"$1,210.00 ",1841
T86180,11/16/2020,"$2,526.00 ",1852
200018464,11/16/2020,"$2,474.00 ",1810
T86366,11/16/2020,"$4,000.00 ",1832
T76604,11/16/2020,"$2,700.00 ",1950
T86277,11/16/2020,"$4,000.00 ",1876
T85087,11/16/2020,"($4,000.00)",2703
T85604,11/19/2020,$700.00 ,1151
T85785,11/19/2020,"$2,830.00 ",1089
T85756,11/19/2020,$397.00 ,1103
T85756,11/19/2020,"$1,599.00 ",1103
T86565,11/19/2020,"$4,000.00 ",2324
T86537,11/19/2020,"$4,000.00 ",2302
T85087,11/19/2020,"$4,000.00 ",2703
T86827,11/20/2020,"$3,900.00 ",2126
T86795,11/20/2020,"$4,000.00 ",2124
T86256,11/25/2020,"$4,000.00 ",2601
T87064,11/26/2020,"$4,000.00 ",1826
T86180,11/26/2020,$922.00 ,1852
T86858,11/26/2020,"$4,000.00 ",1830
T86261,11/30/2020,$800.00 ,1109
T87048,11/30/2020,$800.00 ,1085
T87179,11/30/2020,"$1,625.00 ",1129
T86422,11/30/2020,"$3,084.48 ",1108
T84960,11/30/2020,"$4,000.00 ",1077
T86355,11/30/2020,"$1,629.48 ",1109
900025874,12/1/2020,"$2,160.00 ",2740
600198727,12/1/2020,"$4,000.00 ",2382
900030760,12/1/2020,"$4,000.00 ",2375
T86848,12/1/2020,"$4,000.00 ",2370
T85955,12/1/2020,"$2,221.65 ",2324
T86972,12/1/2020,$936.40 ,2119
T85976,12/1/2020,"$3,321.00 ",1606
T86966,12/1/2020,"$1,135.50 ",1475
T86966,12/1/2020,"$1,135.00 ",1475
T86296,12/1/2020,"$4,000.00 ",1540
T83341,12/1/2020,$750.00 ,2561
T85678,12/1/2020,$300.00 ,2601
T86966,12/1/2020,"($1,135.50)",1475
T86966,12/1/2020,"($1,135.00)",1475
T86373,12/3/2020,"$3,949.00 ",2188
T83818,12/3/2020,$600.00 ,2746
T83818,12/3/2020,$600.00 ,2746
T83818,12/3/2020,$600.00 ,2746
T83818,12/3/2020,"$1,800.00 ",2746
T85620,12/3/2020,"$2,186.00 ",2780
900030077,12/3/2020,"$4,000.00 ",2301
T86406,12/3/2020,"$1,169.00 ",2601
T86868,12/3/2020,"$2,050.00 ",2645
T87048,12/4/2020,$800.00 ,1085
T85733,12/4/2020,$961.47 ,1057
T87410,12/4/2020,"$3,650.00 ",1089
T86790,12/4/2020,"$4,000.00 ",1104
T85506,12/4/2020,$800.00 ,1013
T87179,12/4/2020,"$1,250.00 ",1129
T85756,12/4/2020,"$1,599.00 ",1103
T86704,12/5/2020,"$4,000.00 ",1760
T87155,12/8/2020,"$4,000.00 ",2119
T87156,12/8/2020,"$3,475.00 ",2120
T87157,12/8/2020,$750.00 ,2150
T87157,12/8/2020,"$1,500.00 ",2150
T86718,12/9/2020,"$4,000.00 ",1960
T86402,12/9/2020,"$4,000.00 ",1960
1000008502,12/9/2020,"$1,430.00 ",1938
T85575,12/9/2020,"$4,000.00 ",1923
T82426,12/9/2020,"$4,000.00 ",1905
T82740,12/9/2020,$435.00 ,1906
T87006,12/10/2020,"$1,399.00 ",1085
T87006,12/10/2020,"$1,399.00 ",1085
T87086,12/10/2020,"$3,950.00 ",1089
1500023484,12/10/2020,"$2,800.00 ",1020
1500023484,12/10/2020,"$1,200.00 ",1020
T86066,12/10/2020,"$3,440.00 ",1089
T86391,12/10/2020,$950.00 ,1089
T86391,12/10/2020,$762.50 ,1089
600196359,12/10/2020,"$4,000.00 ",2368
T86504,12/10/2020,"$4,000.00 ",2364
T87377,12/10/2020,"$1,050.00 ",2721
T87220,12/10/2020,"$4,000.00 ",2302
T61726,12/11/2020,"$4,000.00 ",1510
T86936,12/14/2020,"$4,000.00 ",2536
T76604,12/14/2020,"$1,300.00 ",1950
200033883,12/14/2020,"$3,900.00 ",1843
T87707,12/15/2020,"$4,000.00 ",2169
T87575,12/15/2020,"$1,654.00 ",2127
600227356,12/15/2020,"$3,785.00 ",2121
T87892,12/15/2020,"$4,000.00 ",2119
T83939,12/15/2020,"$1,430.00 ",1230
T83939,12/15/2020,$980.00 ,1230
900037010,12/16/2020,"$2,895.00 ",2723
T87364,12/16/2020,"$3,800.00 ",2301
T86950,12/16/2020,"$4,000.00 ",2301
T87448,12/16/2020,"$1,845.50 ",2360
T86297,12/16/2020,"$4,000.00 ",2301
T87890,12/16/2020,"$4,000.00 ",2301
T87719,12/16/2020,"$2,173.00 ",2190
T87730,12/16/2020,"$4,000.00 ",2188
T87997,12/16/2020,"$3,575.00 ",1432
T55852,12/16/2020,"$3,426.00 ",1608
T87061,12/18/2020,"$4,000.00 ",1752
T87067,12/18/2020,"$2,009.03 ",2062
T87942,12/18/2020,"$1,758.04 ",2601
T87091,12/18/2020,"$2,800.00 ",2646
T88132,12/18/2020,"$2,905.00 ",1440
T82690,12/18/2020,"$1,128.44 ",1570
T60157,12/18/2020,"$3,093.54 ",1420
T60157,12/18/2020,"($3,093.54)",1420
T88227,12/21/2020,"$3,324.00 ",1109
T86844,12/21/2020,$876.53 ,1118
T86844,12/21/2020,$903.51 ,1118
500114642,12/21/2020,"$4,000.00 ",1118
T83650,12/21/2020,"$2,701.00 ",1085
T83650,12/21/2020,"$1,167.00 ",1085
T86437,12/21/2020,"$4,000.00 ",1040
T88306,12/22/2020,"$3,550.00 ",2151
T88307,12/22/2020,"$3,600.00 ",2151
T88305,12/22/2020,"$1,858.00 ",2128
T88304,12/22/2020,"$4,000.00 ",2124
600220788,12/22/2020,"$3,733.00 ",2129
T88435,12/22/2020,"$4,000.00 ",2136
T87545,12/23/2020,"$4,000.00 ",2048
T87351,12/23/2020,"$2,538.32 ",2664
1500023424,12/24/2020,"$4,000.00 ",1902
T87396,12/24/2020,"$1,998.00 ",1904
T81030,12/29/2020,"$4,000.00 ",2673
T87934,12/29/2020,"$1,705.00 ",1830
T88379,12/29/2020,$950.00 ,1854
1200023769,12/29/2020,"$3,900.00 ",1851
T57035,12/29/2020,"$4,000.00 ",1852
T88634,12/29/2020,"$1,511.00 ",1852
1500023279,12/29/2020,"$3,725.00 ",1835
T88085,12/29/2020,"$3,150.00 ",1854
1200023769,12/29/2020,"($3,900.00)",1851
T86355,12/31/2020,($503.09),1109
T87433,1/1/2021,$910.29 ,1201
T87433,1/1/2021,$910.29 ,1201
T83939,1/1/2021,$980.00 ,1230
T82644,1/1/2021,"$4,000.00 ",1201
100026338,1/1/2021,"$3,144.17 ",1201
T83798,1/1/2021,"$4,000.00 ",1201
T88584,1/1/2021,"$4,000.00 ",2347
900037010,1/1/2021,$550.00 ,2723
T86734,1/1/2021,"$4,000.00 ",2375
T88785,1/1/2021,"$4,000.00 ",2301
T88404,1/1/2021,"$2,600.00 ",2301
T88404,1/1/2021,$700.00 ,2301
T88056,1/1/2021,"$4,000.00 ",2346
T87719,1/1/2021,$504.00 ,2190
900028799,1/1/2021,"$2,900.00 ",2740
T88679,1/1/2021,"$4,000.00 ",2121
T88705,1/1/2021,"$4,000.00 ",2138
T88813,1/1/2021,"$4,000.00 ",2151
T83341,1/1/2021,$750.00 ,2561
T87942,1/1/2021,$250.00 ,2601
T85678,1/1/2021,$300.00 ,2601
T88616,1/1/2021,"$1,270.00 ",1301
T88616,1/1/2021,$635.00 ,1301
T86959,1/1/2021,"$4,000.00 ",1604
T86966,1/1/2021,"$1,135.00 ",1475
T88132,1/1/2021,$505.00 ,1440
T87396,1/1/2021,"$1,998.00 ",1904
T88705,1/1/2021,"($4,000.00)",2138
T88087,1/5/2021,"$4,000.00 ",2021
T87928,1/5/2021,"$4,000.00 ",1760
T87693,1/5/2021,"$4,000.00 ",2062
600140863,1/5/2021,"$2,204.00 ",2494
T87865,1/5/2021,"$4,000.00 ",2062
900031894,1/7/2021,"$2,632.00 ",2301
900031894,1/7/2021,$456.00 ,2301
T88998,1/7/2021,"$1,060.00 ",2744
T88997,1/7/2021,"$3,936.89 ",2720
T88009,1/7/2021,"$4,000.00 ",2351
T88077,1/7/2021,"$4,000.00 ",2370
T88944,1/7/2021,"$2,470.00 ",2760
T88944,1/7/2021,$154.00 ,2760
T88165,1/7/2021,"$4,000.00 ",2346
T88811,1/7/2021,"$2,779.00 ",2744
T88221,1/7/2021,"$4,000.00 ",2368
T88832,1/7/2021,"$4,000.00 ",2188
T88970,1/7/2021,"$4,000.00 ",2740
T88855,1/7/2021,"$3,700.00 ",2346
T88091,1/7/2021,"$4,000.00 ",2346
T88281,1/7/2021,"$3,300.00 ",2301
T88851,1/7/2021,"$3,800.00 ",2571
T89158,1/7/2021,$800.00 ,2740
900036105,1/7/2021,"$1,550.00 ",2721
900036105,1/7/2021,$679.00 ,2721
T88572,1/7/2021,"$4,000.00 ",2360
T89039,1/7/2021,"$4,000.00 ",2301
T89038,1/7/2021,"$4,000.00 ",2189
T89007,1/7/2021,"$2,840.00 ",2723
T89007,1/7/2021,$313.00 ,2723
T89007,1/7/2021,$313.00 ,2723
T89127,1/7/2021,"$2,200.00 ",2726
T89127,1/7/2021,"$1,800.00 ",2726
T88082,1/7/2021,"$4,000.00 ",2382
T87075,1/7/2021,"$4,000.00 ",2324
T88751,1/7/2021,"$4,000.00 ",2382
T87048,1/7/2021,$800.00 ,1085
T86844,1/7/2021,$903.51 ,1118
T86998,1/7/2021,"$4,000.00 ",1085
T87179,1/7/2021,"$1,125.00 ",1129
T86391,1/7/2021,$762.50 ,1089
600116218,1/8/2021,"$1,975.00 ",2184
600118891,1/8/2021,"$4,000.00 ",2136
T89063,1/8/2021,"$3,640.00 ",2135
T89277,1/8/2021,"$1,578.00 ",2126
T89197,1/8/2021,"$4,000.00 ",2458
T89016,1/8/2021,"$4,000.00 ",2124
T89120,1/8/2021,"$4,000.00 ",2155
T89178,1/8/2021,"$4,000.00 ",2136
T89013,1/8/2021,"$3,554.00 ",1730
T89022,1/8/2021,"$4,000.00 ",2119
T89179,1/8/2021,"$4,000.00 ",2131
T89020,1/8/2021,"$4,000.00 ",2136
T89017,1/8/2021,"$4,000.00 ",2169
T88936,1/8/2021,"$4,000.00 ",2136
T89221,1/8/2021,"$4,000.00 ",1864
T89023,1/8/2021,"$4,000.00 ",2144
T89182,1/8/2021,"$4,000.00 ",2184
T89246,1/8/2021,"$4,000.00 ",2148
T88936,1/8/2021,"($4,000.00)",2136
T86374,1/14/2021,"$4,000.00 ",1109
T89155,1/14/2021,"$4,000.00 ",1108
T89523,1/14/2021,$597.21 ,1105
T88057,1/14/2021,"$4,000.00 ",1036
T89129,1/14/2021,"$4,000.00 ",2382
T89258,1/14/2021,"$4,000.00 ",2302
T89262,1/14/2021,"$3,200.00 ",2746
T89262,1/14/2021,$400.00 ,2746
1500025877,1/14/2021,"$4,000.00 ",2301
900029410,1/14/2021,"$4,000.00 ",2050
T89409,1/14/2021,"$3,974.22 ",2048
T89371,1/14/2021,"$2,975.67 ",2721
T89401,1/14/2021,"$4,000.00 ",2721
900021114,1/14/2021,"$4,000.00 ",2382
T88560,1/14/2021,"$4,000.00 ",2368
1200023769,1/14/2021,"$3,900.00 ",1851
T88103,1/14/2021,"$4,000.00 ",1841
T88532,1/14/2021,"$4,000.00 ",2575
T89446,1/14/2021,"$4,000.00 ",2601
T88663,1/14/2021,"$4,000.00 ",2632
T88174,1/14/2021,"$10,000.00 ",2639
T89645,1/14/2021,"$2,000.00 ",2664
87090,1/15/2021,"$1,982.00 ",1610
T89378,1/15/2021,"$1,450.00 ",1510
T88290,1/15/2021,"$1,395.81 ",1610
T89087,1/15/2021,"$4,000.00 ",1532
T54273,1/15/2021,"$4,000.00 ",1602
T89864,1/15/2021,"$2,070.00 ",2136
T89535,1/15/2021,"$9,614.00 ",1887
T89545,1/15/2021,"$2,705.00 ",2151
T89425,1/15/2021,"$2,350.00 ",2169
T89686,1/15/2021,"$4,000.00 ",2169
T89430,1/15/2021,"$4,000.00 ",2452
T89427,1/15/2021,"$4,000.00 ",2155
T89463,1/15/2021,"$4,000.00 ",2151
T89462,1/15/2021,"$4,000.00 ",2150
T89424,1/15/2021,"$4,000.00 ",2124
T89413,1/15/2021,"$6,150.00 ",2118
T89798,1/15/2021,"$10,000.00 ",2122
T89436,1/15/2021,"$4,000.00 ",2453
T89220,1/15/2021,"$3,283.00 ",1420
T89798,1/15/2021,"($10,000.00)",2122
T88670,1/18/2021,"$4,000.00 ",1749
T88913,1/18/2021,"$2,720.00 ",2035
T89110,1/18/2021,"$4,000.00 ",2026
T89666,1/20/2021,$925.00 ,1075
T89666,1/20/2021,$925.00 ,1075
T89921,1/20/2021,"$2,300.00 ",1103
T89921,1/20/2021,$900.00 ,1103
T89921,1/20/2021,$900.00 ,1103
T89797,1/20/2021,"$1,747.80 ",1129
T89797,1/20/2021,$450.00 ,1129
T88664,1/20/2021,$600.00 ,1089
T89923,1/20/2021,"$4,000.00 ",1109
T89921,1/20/2021,"($2,300.00)",1103
T89921,1/20/2021,($900.00),1103
T89921,1/20/2021,($900.00),1103
T72914,1/21/2021,"$3,450.58 ",2780
T89216,1/21/2021,"$10,000.00 ",2719
T89938,1/21/2021,$200.00 ,2025
T89938,1/21/2021,$161.26 ,2025
T89841,1/21/2021,"$5,000.00 ",2740
T88231,1/21/2021,"$2,121.06 ",2382
T88231,1/21/2021,$800.00 ,2382
T86766,1/21/2021,"$6,800.00 ",2744
900034418,1/21/2021,"$3,100.00 ",2746
T87994,1/21/2021,"$8,075.00 ",2664
T90102,1/22/2021,"$4,000.00 ",2151
T90469,1/22/2021,"$5,100.00 ",2119
600084702,1/22/2021,$927.00 ,2139
T90101,1/22/2021,"$3,685.00 ",2155
T90101,1/22/2021,"$1,840.00 ",2155
T90419,1/22/2021,"$2,097.00 ",2118
T83227,1/22/2021,"$4,571.66 ",2120
T81443,1/22/2021,"$4,000.00 ",2129
t90241,1/22/2021,"$10,000.00 ",2155
T90443,1/22/2021,"$2,358.50 ",2138
T88881,1/22/2021,"$5,000.00 ",2155
T90052,1/22/2021,"$5,750.00 ",2136
T89992,1/22/2021,"$4,000.00 ",2130
T90377,1/22/2021,"$4,098.00 ",2131
T90472,1/22/2021,"$4,000.00 ",2148
T89930,1/22/2021,"$4,570.00 ",2118
T90300,1/22/2021,"$3,097.94 ",2128
T90299,1/22/2021,"$2,579.76 ",2151
T90299,1/22/2021,"$1,420.24 ",2151
T89866,1/22/2021,"$7,850.00 ",2135
T89991,1/22/2021,"$4,000.00 ",2122
1000006343,1/22/2021,"$4,000.00 ",1902
T87662,1/22/2021,"$4,000.00 ",1923
T87665,1/22/2021,"$4,000.00 ",1906
T87846,1/22/2021,"$4,000.00 ",1905
T87837,1/22/2021,"$4,000.00 ",1902
T88053,1/22/2021,"$4,000.00 ",1969
200045236,1/22/2021,"$2,300.00 ",1905
T88624,1/22/2021,"$4,000.00 ",1930
T88063,1/22/2021,"$4,000.00 ",1905
T90225,1/22/2021,"$5,000.00 ",1604
T90157,1/22/2021,"$9,620.00 ",1608
1500010983,1/22/2021,"$9,035.12 ",1757
T90067,1/22/2021,"$10,000.00 ",1331
T89644,1/27/2021,"$6,400.00 ",1040
T89921,1/27/2021,"$2,300.00 ",1103
T89921,1/27/2021,$900.00 ,1103
T89921,1/27/2021,$900.00 ,1103
T87589,1/27/2021,"$4,000.00 ",1056
T89812,1/27/2021,"$3,861.00 ",1002
T90248,1/27/2021,"$4,000.00 ",1040
T90416,1/27/2021,$800.00 ,1040
T90256,1/27/2021,"$3,025.00 ",1085
500113702,1/27/2021,"$1,500.00 ",1118
T83448,1/27/2021,"$1,798.00 ",1103
T90247,1/27/2021,"$2,891.80 ",1103
T90341,1/27/2021,"$4,600.00 ",1040
T89921,1/27/2021,"($2,300.00)",1103
T89921,1/27/2021,($900.00),1103
T89921,1/27/2021,($900.00),1103
T90147,1/28/2021,"$3,050.16 ",2601
T89303,1/28/2021,"$2,850.00 ",2645
T90346,1/28/2021,"$10,000.00 ",2664
T90346,1/28/2021,"($10,000.00)",2664
T90193,1/29/2021,"$4,700.00 ",1844
T90113,1/29/2021,"$6,054.00 ",1844
T89750,1/29/2021,"$6,705.00 ",1845
T90391,1/29/2021,"$7,625.00 ",1850
200030921,1/29/2021,"$2,291.00 ",1843
T76604,1/29/2021,"$1,530.00 ",1950
T89697,1/29/2021,"$10,000.00 ",1843
T83575,1/29/2021,"$5,800.00 ",1826
T90497,2/1/2021,"$3,780.00 ",2301
T89262,2/1/2021,$400.00 ,2746
T90566,2/1/2021,"$3,520.00 ",2351
T90566,2/1/2021,$500.00 ,2351
T74248,2/1/2021,"$1,700.00 ",2301
T74248,2/1/2021,$147.00 ,2301
900037010,2/1/2021,$550.00 ,2723
T90491,2/1/2021,"$1,350.00 ",2745
T90491,2/1/2021,$300.00 ,2745
T88944,2/1/2021,$154.00 ,2760
T89978,2/1/2021,"$5,100.00 ",2189
T88404,2/1/2021,$700.00 ,2301
900031894,2/1/2021,$456.00 ,2301
T88811,2/1/2021,$600.00 ,2744
T88945,2/1/2021,"$4,335.00 ",2767
T89938,2/1/2021,$200.00 ,2025
T89841,2/1/2021,$500.00 ,2740
T90586,2/1/2021,"$4,528.18 ",2780
T83537,2/1/2021,"$5,728.90 ",2725
T88281,2/1/2021,$700.00 ,2301
T89158,2/1/2021,$800.00 ,2740
T90544,2/1/2021,"$4,550.00 ",2190
900036105,2/1/2021,$679.00 ,2721
T88231,2/1/2021,$800.00 ,2382
T90605,2/1/2021,"$4,116.31 ",2302
T90605,2/1/2021,$200.00 ,2302
T89371,2/1/2021,$330.00 ,2721
T90604,2/1/2021,"$2,720.82 ",2745
T89007,2/1/2021,$313.00 ,2723
T87719,2/1/2021,$504.00 ,2190
T89873,2/1/2021,"$4,860.00 ",2703
T89873,2/1/2021,$740.00 ,2703
T89873,2/1/2021,$740.00 ,2703
T88560,2/1/2021,"$6,000.00 ",2368
T90225,2/1/2021,"$1,000.00 ",1604
T90157,2/1/2021,$380.00 ,1608
1500010983,2/1/2021,$480.00 ,1757
T88132,2/1/2021,$505.00 ,1440
T87942,2/1/2021,$250.00 ,2601
T90528,2/1/2021,$269.00 ,2664
T87433,2/1/2021,$910.29 ,1201
T83939,2/1/2021,$610.00 ,1230
500110887,2/1/2021,"$4,000.00 ",1105
88667,2/1/2021,"$1,228.59 ",1201
T88830,2/1/2021,$900.00 ,1220
T88830,2/1/2021,$900.00 ,1220
T88830,2/1/2021,$900.00 ,1220
t90321,2/1/2021,"$3,600.00 ",1364
t90321,2/1/2021,$900.00 ,1364
T88616,2/1/2021,$635.00 ,1301
t90207,2/1/2021,"$2,625.00 ",1301
t90207,2/1/2021,$875.00 ,1301
T90782,2/1/2021,"$10,000.00 ",2169
T87575,2/1/2021,"$1,318.00 ",2127
T82470,2/1/2021,"$5,126.00 ",2134
T90478,2/1/2021,"$6,694.00 ",2119
T90783,2/1/2021,"$9,900.00 ",2472
T88705,2/1/2021,"$4,000.00 ",2138
T88813,2/1/2021,"$6,000.00 ",2151
T89798,2/1/2021,"$10,000.00 ",2122
T88881,2/1/2021,"$2,500.00 ",2155
T91107,2/1/2021,"$8,053.60 ",2119
T91277,2/1/2021,"$2,834.00 ",2122
T89120,2/1/2021,"$6,000.00 ",2155
T88880,2/1/2021,"$10,000.00 ",2121
T90928,2/1/2021,"$3,533.00 ",2126
T91106,2/1/2021,"$6,200.00 ",2126
T91106,2/1/2021,"$2,300.00 ",2126
T91117,2/1/2021,"$3,800.00 ",2186
T91263,2/1/2021,"$4,050.00 ",2136
T90781,2/1/2021,"$2,212.46 ",2130
T89165,2/1/2021,"$2,700.00 ",1522
T87398,2/1/2021,"$10,000.00 ",1608
T89900,2/1/2021,"$2,555.00 ",1432
T89900,2/1/2021,$575.00 ,1432
T89378,2/1/2021,$510.00 ,1510
T87953,2/1/2021,"$5,000.00 ",1453
T88944,2/1/2021,"($2,470.00)",2760
T88944,2/1/2021,($154.00),2760
T91277,2/1/2021,"($2,834.00)",2122
T91031,2/3/2021,"$3,075.60 ",1119
T89666,2/3/2021,$925.00 ,1075
T81448,2/3/2021,"$7,305.00 ",1001
T81448,2/3/2021,$500.00 ,1001
T91001,2/3/2021,"$1,801.00 ",1002
T91144,2/3/2021,"$1,172.38 ",1085
T91144,2/3/2021,$500.00 ,1085
T91639,2/3/2021,"$2,218.74 ",1104
T91639,2/3/2021,$368.70 ,1104
T91686,2/3/2021,"$8,624.84 ",1020
T91411,2/3/2021,"$4,000.00 ",1040
T91520,2/3/2021,"$8,637.82 ",1108
T89921,2/3/2021,$900.00 ,1103
T91692,2/3/2021,"$1,050.00 ",1089
T91692,2/3/2021,"$1,050.00 ",1089
T91704,2/3/2021,"$10,000.00 ",1129
T91142,2/3/2021,"$6,589.10 ",1013
T91323,2/3/2021,"$3,000.00 ",1108
T91323,2/3/2021,$800.00 ,1108
T89797,2/3/2021,$450.00 ,1129
T91372,2/3/2021,"$6,445.95 ",1105
T91372,2/3/2021,$644.60 ,1105
T90938,2/3/2021,"$4,109.05 ",1118
T90938,2/3/2021,$607.99 ,1118
T90663,2/3/2021,"$2,652.15 ",1001
T90663,2/3/2021,$673.93 ,1001
T91341,2/3/2021,"$4,000.00 ",1085
500089996,2/3/2021,"$8,323.44 ",1118
T11873,2/3/2021,"$10,000.00 ",1013
T91421,2/3/2021,"$4,400.00 ",1056
T90416,2/3/2021,$800.00 ,1040
T88664,2/3/2021,$600.00 ,1089
T91017,2/3/2021,"$6,716.01 ",1103
500113702,2/3/2021,"$1,250.00 ",1118
T87862,2/3/2021,"$8,000.00 ",1109
T86391,2/3/2021,$762.50 ,1089
500103218,2/3/2021,"$10,000.00 ",1108
T91416,2/3/2021,"$4,000.00 ",1105
T91416,2/3/2021,"($4,000.00)",1105
900037752,2/4/2021,"$6,345.65 ",2301
T89994,2/4/2021,"$1,500.00 ",2382
T83602,2/4/2021,"$6,000.00 ",2048
T91440,2/4/2021,"$4,800.00 ",2302
T88944,2/4/2021,"$2,470.00 ",2760
T88944,2/4/2021,$154.00 ,2760
T91414,2/4/2021,"$6,914.00 ",2720
T91414,2/4/2021,$438.00 ,2720
T88898,2/4/2021,"$6,000.00 ",2050
T91340,2/4/2021,"$4,560.00 ",2745
T91445,2/4/2021,"$10,000.00 ",2301
T89723,2/4/2021,"$2,819.77 ",2301
T89723,2/4/2021,"$1,000.00 ",2301
T90954,2/4/2021,"$10,000.00 ",2780
T89911,2/4/2021,"$3,300.00 ",2360
T91435,2/4/2021,"$3,730.00 ",2721
T91397,2/4/2021,"$2,400.00 ",2746
T91396,2/4/2021,"$4,396.27 ",2740
T90538,2/4/2021,"$1,500.00 ",2668
T89927,2/5/2021,"$10,000.00 ",2072
T91742,2/5/2021,"$4,000.00 ",2125
T91743,2/5/2021,"$10,000.00 ",2119
T90472,2/5/2021,"$4,019.00 ",2148
T90472,2/5/2021,"$1,981.00 ",2148
T81688,2/8/2021,"$3,052.00 ",1810
T90037,2/8/2021,"$8,800.00 ",1854
T84245,2/8/2021,"$1,371.00 ",1952
T88029,2/8/2021,"$9,700.00 ",1950
200026601,2/8/2021,"$4,200.00 ",1841
T60850,2/8/2021,"$1,398.00 ",1854
T90909,2/8/2021,"$3,700.00 ",1832
T90842,2/8/2021,"$8,575.00 ",1843
T76604,2/8/2021,$675.00 ,1950
T91038,2/8/2021,"$9,000.00 ",1826
T92268,2/10/2021,"$1,006.57 ",1104
T92025,2/10/2021,"$10,000.00 ",1036
T92339,2/10/2021,"$5,786.76 ",1030
T91970,2/10/2021,"$9,000.00 ",1020
T92365,2/10/2021,"$4,271.66 ",1085
T92128,2/10/2021,"$4,835.65 ",1109
T92128,2/10/2021,$359.00 ,1109
T91684,2/10/2021,"$10,000.00 ",1107
T91753,2/10/2021,"$5,515.00 ",1085
T91753,2/10/2021,"$1,103.00 ",1085
T91544,2/10/2021,"$7,520.24 ",1075
1500011316,2/10/2021,"$1,079.00 ",1109
500126350,2/10/2021,"$8,537.33 ",1060
T72716,2/10/2021,"$1,000.76 ",1108
T92325,2/10/2021,"$1,435.69 ",1119
T92008,2/10/2021,"$2,939.00 ",1109
T92066,2/10/2021,"$10,000.00 ",1104
T91045,2/10/2021,"$8,312.59 ",1080
T90974,2/10/2021,"$1,360.54 ",1089
T90974,2/10/2021,"$1,319.73 ",1089
T92109,2/10/2021,"$6,828.49 ",1013
T92109,2/10/2021,"$1,332.57 ",1013
T92013,2/10/2021,"$8,214.60 ",1151
T92428,2/10/2021,"$2,118.22 ",1109
T91988,2/10/2021,$599.80 ,1109
T92538,2/10/2021,"$10,000.00 ",1118
T89523,2/10/2021,"$2,844.29 ",1105
T91830,2/10/2021,"$6,000.00 ",1001
T92571,2/10/2021,"$2,150.00 ",1109
T92345,2/10/2021,"$5,919.24 ",1007
500072316,2/10/2021,"$3,400.00 ",1119
89062,2/10/2021,"$10,000.00 ",1109
T60948,2/10/2021,"$9,389.00 ",1108
T91018,2/10/2021,"$3,194.00 ",1103
T86029,2/10/2021,"$1,785.00 ",1902
T89480,2/10/2021,"$6,972.00 ",1906
T89480,2/10/2021,"$1,514.00 ",1906
T92571,2/10/2021,"($2,150.00)",1109
T89523,2/10/2021,"($2,844.29)",1105
T91750,2/11/2021,"$9,898.00 ",2382
T91103,2/11/2021,"$1,550.29 ",2368
T91103,2/11/2021,"$8,449.71 ",2368
900029410,2/11/2021,"$3,518.35 ",2050
900029410,2/11/2021,$900.00 ,2050
T91859,2/11/2021,"$8,864.00 ",2301
T91126,2/11/2021,"$3,535.00 ",2301
T90982,2/11/2021,"$2,230.40 ",2703
T91406,2/11/2021,"$10,000.00 ",2333
T92466,2/11/2021,"$4,250.00 ",2740
T89793,2/11/2021,"$3,253.79 ",2368
T89793,2/11/2021,$500.00 ,2368
T92654,2/11/2021,"$7,320.00 ",2066
T89638,2/11/2021,"$3,192.59 ",2719
T89638,2/11/2021,$800.00 ,2719
T88432,2/11/2021,"$8,500.00 ",2723
T89819,2/11/2021,"$1,316.84 ",2301
T90270,2/11/2021,"$9,259.00 ",2302
T89668,2/11/2021,"$8,962.00 ",2703
T91549,2/11/2021,"$4,200.00 ",2632
T91995,2/11/2021,"$4,257.60 ",2540
T91665,2/11/2021,"$2,200.00 ",2633
T92558,2/12/2021,"$2,580.00 ",1610
T92563,2/12/2021,"$10,000.00 ",1420
T92974,2/12/2021,$941.00 ,2119
T92115,2/12/2021,"$2,886.00 ",2136
T83924,2/12/2021,"$6,000.00 ",2151
T92799,2/12/2021,"$3,979.45 ",2150
T92623,2/12/2021,"$1,855.50 ",2128
T92889,2/12/2021,"$1,442.00 ",2126
600225051,2/12/2021,$696.67 ,2121
T93003,2/12/2021,"$4,950.00 ",2132
T93003,2/12/2021,"$1,650.00 ",2132
T91997,2/15/2021,"$2,211.00 ",1752
T91997,2/15/2021,"$1,639.00 ",1752
T91997,2/15/2021,"$1,639.00 ",1752
T91159,2/15/2021,"$10,000.00 ",1701
T92031,2/15/2021,"$4,962.85 ",1776
T90985,2/15/2021,"$8,006.00 ",1702
200039881,2/15/2021,"$4,107.00 ",1830
T92240,2/15/2021,"$4,108.00 ",1830
T92954,2/15/2021,"$4,028.00 ",1852
T82901,2/15/2021,"$4,275.00 ",1841
T92510,2/15/2021,"$10,000.00 ",1824
T89249,2/16/2021,"$3,173.63 ",1201
89903,2/16/2021,"$4,000.00 ",1201
T79779,2/16/2021,$800.00 ,1604
T89383,2/16/2021,"$4,900.00 ",1606
T89383,2/16/2021,$725.00 ,1606
T91932,2/16/2021,"$7,680.00 ",1453
T92973,2/16/2021,"$8,310.00 ",1588
T92273,2/16/2021,"$6,470.00 ",1581
T92273,2/16/2021,"$1,000.00 ",1581
T93345,2/17/2021,$805.07 ,1107
T93345,2/17/2021,$902.59 ,1107
T89921,2/17/2021,"$2,300.00 ",1103
T89921,2/17/2021,$900.00 ,1103
T89921,2/17/2021,$900.00 ,1103
T92789,2/17/2021,"$3,600.00 ",1109
T92789,2/17/2021,"$1,200.00 ",1109
T92716,2/17/2021,"$6,400.00 ",1151
500117638,2/17/2021,"$1,880.00 ",1151
500117638,2/17/2021,$950.00 ,1151
T92613,2/17/2021,"$4,000.00 ",1151
T93148,2/17/2021,"$3,600.00 ",1053
T92968,2/17/2021,"$3,695.00 ",1040
T92968,2/17/2021,$300.00 ,1040
T92571,2/17/2021,"$2,150.00 ",1109
T92354,2/18/2021,"$2,930.00 ",2301
T92354,2/18/2021,$374.00 ,2301
900040135,2/18/2021,"$1,750.00 ",2301
900024270,2/18/2021,"$9,147.96 ",2301
T92662,2/18/2021,"$5,550.00 ",2780
T93215,2/18/2021,"$4,640.00 ",2382
T90490,2/18/2021,"$1,425.00 ",2301
T90018,2/18/2021,"$8,900.00 ",2346
T93261,2/18/2021,"$7,505.47 ",2324
T93332,2/18/2021,"$4,650.00 ",2743
T90401,2/18/2021,"$5,600.00 ",2301
T90401,2/18/2021,$378.00 ,2301
T92937,2/18/2021,"$3,000.00 ",2724
T93019,2/18/2021,"$10,000.00 ",2302
T89722,2/18/2021,"$1,586.00 ",2189
T93419,2/18/2021,"$3,500.00 ",2740
T93461,2/18/2021,"$3,280.00 ",2744
600122944,2/18/2021,"$7,123.00 ",2720
T93485,2/18/2021,"$1,790.00 ",2720
T92302,2/18/2021,"$3,122.60 ",2601
T90346,2/18/2021,"$10,000.00 ",2664
T90493,2/19/2021,"$4,100.00 ",1905
T81216,2/19/2021,"$9,750.00 ",1902
T89607,2/19/2021,"$9,300.00 ",1902
T89607,2/19/2021,$700.00 ,1902
T89785,2/19/2021,"$2,900.00 ",2184
T93739,2/19/2021,"$2,326.00 ",2134
T73193,2/19/2021,"$2,978.96 ",2169
T93685,2/19/2021,"$5,823.20 ",2131
T93678,2/19/2021,"$4,978.00 ",2129
T93672,2/19/2021,"$10,000.00 ",2136
T81941,2/19/2021,"$2,500.00 ",2148
T88936,2/19/2021,"$4,000.00 ",2136
T83537,2/23/2021,"($5,728.90)",2725
T93924,2/24/2021,"$8,504.49 ",1020
500123776,2/24/2021,"$3,850.00 ",1080
T93682,2/24/2021,"$3,973.46 ",1028
T93546,2/24/2021,"$8,214.08 ",1118
T93546,2/24/2021,$595.00 ,1118
T93487,2/24/2021,"$1,709.99 ",1002
T94187,2/24/2021,"$10,000.00 ",1040
T93609,2/24/2021,"$7,989.90 ",1109
T93609,2/24/2021,$282.19 ,1109
T93736,2/24/2021,"$3,004.48 ",1255
T94535,2/24/2021,"$5,531.61 ",1151
T93683,2/24/2021,"$4,689.61 ",1104
T93555,2/24/2021,"$3,000.00 ",1109
T93555,2/24/2021,$225.00 ,1109
T93493,2/24/2021,"$3,750.00 ",1104
T94121,2/24/2021,"$5,455.00 ",1105
T93579,2/24/2021,"$3,710.00 ",1013
T93782,2/24/2021,"$6,964.80 ",1108
T94164,2/24/2021,"$1,784.00 ",1108
T82650,2/25/2021,"$6,342.53 ",2375
T82650,2/25/2021,$502.00 ,2375
T93583,2/25/2021,"$7,383.22 ",2301
T91318,2/25/2021,"$1,050.00 ",2744
T93469,2/25/2021,"$10,000.00 ",2301
900032592,2/25/2021,"$2,500.00 ",2048
T80081,2/25/2021,"$6,005.00 ",2061
T83537,2/25/2021,"$5,728.90 ",2725
T91707,2/25/2021,"$10,000.00 ",2302
T93616,2/25/2021,"$10,000.00 ",2740
T94039,2/25/2021,$488.56 ,2720
T94039,2/25/2021,$482.00 ,2720
T94034,2/25/2021,"$3,658.00 ",2382
T88274,2/25/2021,"$10,000.00 ",2382
T94040,2/25/2021,"$4,950.00 ",2048
T94044,2/25/2021,"$10,000.00 ",2382
T93427,2/25/2021,"$2,900.00 ",2632
T87433,3/1/2021,$910.29 ,1201
100015621,3/1/2021,"$4,024.00 ",1201
T88531,3/1/2021,"$3,659.00 ",1201
T92403,3/1/2021,"$6,900.00 ",1237
T88830,3/1/2021,$900.00 ,1220
T93427,3/1/2021,$200.00 ,2632
T87942,3/1/2021,"$1,000.00 ",2601
T90528,3/1/2021,$269.00 ,2664
t90321,3/1/2021,$900.00 ,1364
T88616,3/1/2021,$635.00 ,1301
T92354,3/1/2021,$374.00 ,2301
900040135,3/1/2021,"$1,275.00 ",2301
900037752,3/1/2021,$300.00 ,2301
T90566,3/1/2021,$500.00 ,2351
T89994,3/1/2021,"$1,000.00 ",2382
T74248,3/1/2021,$147.00 ,2301
T90491,3/1/2021,$300.00 ,2745
T88944,3/1/2021,$616.00 ,2760
T91414,3/1/2021,$438.00 ,2720
900031894,3/1/2021,$456.00 ,2301
T88811,3/1/2021,$600.00 ,2744
T89793,3/1/2021,$500.00 ,2368
900032592,3/1/2021,$450.00 ,2048
T89938,3/1/2021,$200.00 ,2025
T89841,3/1/2021,$500.00 ,2740
T93332,3/1/2021,$850.00 ,2743
T90401,3/1/2021,$378.00 ,2301
T89638,3/1/2021,$800.00 ,2719
T88432,3/1/2021,$450.00 ,2723
T89723,3/1/2021,"$1,000.00 ",2301
T89158,3/1/2021,"$3,200.00 ",2740
900036105,3/1/2021,$679.00 ,2721
T90605,3/1/2021,$200.00 ,2302
T89371,3/1/2021,$330.00 ,2721
T91435,3/1/2021,$500.00 ,2721
T90604,3/1/2021,$700.00 ,2745
T93419,3/1/2021,$750.00 ,2740
T89819,3/1/2021,"$1,316.84 ",2301
T93461,3/1/2021,"$1,100.00 ",2744
600122944,3/1/2021,"$1,400.00 ",2720
T94039,3/1/2021,$482.00 ,2720
T94034,3/1/2021,$300.00 ,2382
T89873,3/1/2021,$740.00 ,2703
T94040,3/1/2021,$416.00 ,2048
T92974,3/1/2021,"$2,950.00 ",2119
T87575,3/1/2021,"$1,318.00 ",2127
600197424,3/1/2021,"$4,794.00 ",2121
T94947,3/1/2021,"$5,621.42 ",2121
T90191,3/1/2021,"$1,840.00 ",2155
T89785,3/1/2021,"$1,350.00 ",2184
T94713,3/1/2021,"$1,495.00 ",1803
T95028,3/1/2021,"$1,612.86 ",2121
T95028,3/1/2021,"$1,269.00 ",2121
T94662,3/1/2021,"$4,713.78 ",2119
T83459,3/1/2021,"$1,277.00 ",2131
T83459,3/1/2021,"$1,277.00 ",2131
T94857,3/1/2021,"$2,030.00 ",2118
T89063,3/1/2021,"$2,240.00 ",2135
T94354,3/1/2021,"$7,640.00 ",2119
T90438,3/1/2021,"$4,000.00 ",2445
T94675,3/1/2021,"$1,825.00 ",1867
T93003,3/1/2021,"$1,650.00 ",2132
T94881,3/1/2021,"$10,000.00 ",2148
T88881,3/1/2021,"$2,500.00 ",2155
T94124,3/1/2021,"$4,240.00 ",2144
T94943,3/1/2021,"$2,685.00 ",2148
1500009313,3/1/2021,"$10,000.00 ",2145
T91277,3/1/2021,"$2,834.00 ",2122
T94875,3/1/2021,"$4,683.06 ",2129
T94699,3/1/2021,"$1,543.00 ",2120
T94626,3/1/2021,"$1,815.00 ",2151
T94626,3/1/2021,"$1,815.00 ",2151
T94657,3/1/2021,"$10,000.00 ",2150
T94749,3/1/2021,"$2,324.73 ",2125
T94924,3/1/2021,"$4,500.00 ",2453
T94924,3/1/2021,"$2,250.00 ",2453
T94767,3/1/2021,"$10,000.00 ",2169
T86211,3/1/2021,"$1,292.00 ",2184
T89480,3/1/2021,"$1,514.00 ",1906
T92558,3/1/2021,$600.00 ,1610
T90225,3/1/2021,"$1,000.00 ",1604
T92343,3/1/2021,"$1,599.00 ",1604
1500010983,3/1/2021,$480.00 ,1757
T90842,3/1/2021,"$1,424.00 ",1843
T76604,3/1/2021,$675.00 ,1950
T38123,3/1/2021,"$4,118.25 ",1772
T86907,3/1/2021,"$4,800.00 ",1550
T86907,3/1/2021,"$1,200.00 ",1550
T86889,3/1/2021,"$7,499.00 ",1607
T86889,3/1/2021,$833.00 ,1607
T89900,3/1/2021,$575.00 ,1432
T89383,3/1/2021,$725.00 ,1606
T89381,3/1/2021,"$2,350.00 ",1610
T92973,3/1/2021,"$1,100.00 ",1588
T89378,3/1/2021,$510.00 ,1510
T92273,3/1/2021,"$1,000.00 ",1581
1500029199,3/1/2021,"$8,039.64 ",1420
1500029199,3/1/2021,$650.00 ,1420
T91277,3/1/2021,"($2,834.00)",2122
T89666,3/3/2021,$925.00 ,1075
T81448,3/3/2021,$500.00 ,1001
T94760,3/3/2021,"$4,330.62 ",1007
T91144,3/3/2021,$500.00 ,1085
T91639,3/3/2021,$368.70 ,1104
T91686,3/3/2021,$687.58 ,1020
T92128,3/3/2021,$359.00 ,1109
T93345,3/3/2021,$902.59 ,1107
T89921,3/3/2021,$900.00 ,1103
T91692,3/3/2021,"$1,050.00 ",1089
T94594,3/3/2021,"$1,611.51 ",1056
T94594,3/3/2021,$900.00 ,1056
T93546,3/3/2021,$595.00 ,1118
T90974,3/3/2021,"$1,319.73 ",1089
T93487,3/3/2021,"$1,197.00 ",1002
T92789,3/3/2021,"$1,200.00 ",1109
T91372,3/3/2021,$644.60 ,1105
T89797,3/3/2021,$450.00 ,1129
T93609,3/3/2021,$282.19 ,1109
T90938,3/3/2021,$607.98 ,1118
T95646,3/3/2021,"$7,660.82 ",1108
T95341,3/3/2021,"$8,903.86 ",1108
T95341,3/3/2021,$548.07 ,1108
T90663,3/3/2021,$673.92 ,1001
T93736,3/3/2021,$850.00 ,1255
T92109,3/3/2021,"$1,332.57 ",1013
T92013,3/3/2021,$818.49 ,1151
T92428,3/3/2021,"$1,100.00 ",1109
T16151,3/3/2021,"$1,153.77 ",1118
T91988,3/3/2021,$82.55 ,1109
T95570,3/3/2021,"$4,134.00 ",1118
500117638,3/3/2021,$950.00 ,1151
T93555,3/3/2021,$225.00 ,1109
T90416,3/3/2021,$800.00 ,1040
T92968,3/3/2021,$300.00 ,1040
500113702,3/3/2021,"$1,250.00 ",1118
T95430,3/3/2021,"$4,600.00 ",1013
500084808,3/3/2021,"$2,800.00 ",1109
T94998,3/3/2021,"$7,125.00 ",1108
T88664,3/3/2021,$600.00 ,1089
T94164,3/3/2021,$892.00 ,1108
T92008,3/3/2021,$567.00 ,1109
T86391,3/3/2021,$762.50 ,1089
T89158,3/3/2021,($800.00),2740
T94007,3/4/2021,"$7,908.00 ",2301
T83659,3/4/2021,"$6,431.00 ",2048
T95270,3/4/2021,"$9,150.00 ",2780
T95017,3/4/2021,"$7,589.00 ",2780
T95017,3/4/2021,"$1,000.00 ",2780
T94853,3/4/2021,$711.00 ,2532
T95276,3/4/2021,"$3,110.00 ",2720
T95276,3/4/2021,$445.00 ,2720
T95277,3/4/2021,"$1,556.49 ",2346
T95277,3/4/2021,"$1,665.15 ",2346
T95277,3/4/2021,"$1,665.15 ",2346
900026657,3/4/2021,"$2,538.00 ",2341
T95300,3/4/2021,"$10,000.00 ",2302
T95266,3/4/2021,"$3,000.00 ",2743
T95266,3/4/2021,$500.00 ,2743
T95594,3/4/2021,"$10,000.00 ",2324
T89158,3/4/2021,$800.00 ,2740
T91618,3/4/2021,"$4,082.00 ",2790
T91618,3/4/2021,"$1,082.00 ",2790
T95246,3/4/2021,"$3,775.00 ",2721
T91578,3/4/2021,"$1,579.00 ",2368
T93886,3/4/2021,$450.00 ,2536
T93886,3/4/2021,"$2,550.00 ",2536
T91997,3/5/2021,"$1,639.00 ",1752
T92724,3/5/2021,"$5,176.00 ",1752
T92724,3/5/2021,$804.00 ,1752
T92724,3/5/2021,$804.00 ,1752
T95579,3/5/2021,"$8,800.00 ",1570
T56911,3/5/2021,"$3,548.25 ",1610
T90269,3/5/2021,"$3,032.00 ",
T90269,3/5/2021,"$1,000.00 ",
T95335,3/5/2021,"$2,708.00 ",2169
T95335,3/5/2021,"$1,002.00 ",2169
T96110,3/5/2021,"$8,196.00 ",2119
T95756,3/5/2021,"$6,995.00 ",2148
T95988,3/5/2021,"$1,388.16 ",2118
1500025470,3/5/2021,"$6,743.00 ",2118
T94703,3/5/2021,"$2,105.00 ",2453
600197242,3/5/2021,"$1,590.00 ",2119
T86434,3/5/2021,"$6,000.00 ",2122
T95893,3/5/2021,"$2,618.00 ",2118
600144196,3/5/2021,"$5,107.84 ",2135
T95458,3/5/2021,"$2,785.00 ",2148
T95081,3/5/2021,"$1,725.00 ",2169
T95081,3/5/2021,"$1,725.00 ",2169
T94729,3/5/2021,"$1,052.00 ",2124
T95099,3/5/2021,"$3,000.00 ",1880
T95099,3/5/2021,"$3,000.00 ",1880
T96121,3/5/2021,"$6,400.00 ",2119
T96121,3/5/2021,$810.00 ,2119
600159654,3/5/2021,"$6,320.00 ",2126
T95360,3/5/2021,"$10,000.00 ",2130
T95993,3/5/2021,"$4,774.90 ",2151
T95192,3/5/2021,"$1,351.98 ",2118
T88705,3/5/2021,$600.00 ,2138
t95273,3/5/2021,"$6,426.00 ",2135
T95349,3/5/2021,"$3,516.00 ",2136
T94462,3/5/2021,$900.00 ,2478
T95317,3/5/2021,"$3,000.00 ",2109
T95303,3/5/2021,"$2,164.00 ",1730
T95877,3/5/2021,"$4,335.00 ",2119
T96117,3/5/2021,"$4,529.15 ",2129
600222152,3/5/2021,"$4,289.72 ",2124
T95725,3/5/2021,"$2,134.00 ",2169
T95502,3/5/2021,"$1,750.00 ",2130
T94904,3/5/2021,"$3,053.79 ",2136
1000006150,3/5/2021,"$5,342.91 ",2148
T94843,3/5/2021,"$4,406.04 ",2121
T95540,3/5/2021,"$10,000.00 ",2150
T94402,3/5/2021,"$4,804.29 ",2126
T95308,3/5/2021,"$3,658.92 ",2124
T94681,3/5/2021,"$2,980.00 ",2130
T94738,3/5/2021,"$1,750.00 ",2155
T95338,3/5/2021,"$8,000.00 ",2119
T95356,3/5/2021,"$8,902.68 ",2148
T95443,3/5/2021,"$1,500.00 ",2125
T95984,3/5/2021,"$7,874.28 ",2180
T96069,3/5/2021,"$1,990.00 ",2467
T81664,3/5/2021,"$4,456.20 ",2144
T91060,3/5/2021,"$2,450.00 ",2148
T91060,3/5/2021,"$2,450.00 ",2148
T89424,3/5/2021,"$6,000.00 ",2124
T89723,3/7/2021,"($2,819.77)",2301
T89723,3/7/2021,"($1,000.00)",2301
T93357,3/8/2021,"$2,100.00 ",1970
T93812,3/8/2021,"$5,332.00 ",1915
1500011081,3/8/2021,"$4,512.00 ",2150
T92512,3/8/2021,"$4,044.00 ",1901
T92553,3/8/2021,"$1,814.00 ",1902
T92553,3/8/2021,"$1,200.00 ",1902
T92751,3/8/2021,"$1,000.00 ",1970
T92470,3/8/2021,"$9,710.60 ",1905
T93232,3/8/2021,"$4,222.00 ",1901
T91554,3/8/2021,"$8,453.00 ",1915
T91554,3/8/2021,"$1,547.00 ",1915
T94118,3/8/2021,"$1,875.00 ",1970
T94118,3/8/2021,"$1,000.00 ",1970
T93323,3/8/2021,"$3,420.00 ",1970
T96104,3/8/2021,"$6,500.00 ",1843
T94751,3/8/2021,"$10,000.00 ",1852
T90544,3/8/2021,"($4,550.00)",2190
T95642,3/10/2021,"$2,326.00 ",1033
T95626,3/10/2021,"$3,000.00 ",1151
T96283,3/10/2021,"$9,066.21 ",1104
T96734,3/10/2021,"$4,650.00 ",1040
T95796,3/10/2021,"$7,750.00 ",1028
T95796,3/10/2021,"$1,550.00 ",1028
T96085,3/10/2021,"$4,050.00 ",1101
T96681,3/10/2021,"$3,954.43 ",1027
T96363,3/10/2021,"$7,460.00 ",1108
T96101,3/10/2021,"$2,129.17 ",1085
T95819,3/10/2021,"$6,399.01 ",1085
T95120,3/10/2021,"$3,452.83 ",1119
500107259,3/10/2021,"$8,600.00 ",1013
T89873,3/10/2021,"($4,860.00)",2703
T89873,3/10/2021,($740.00),2703
T89873,3/10/2021,($740.00),2703
T92312,3/11/2021,"$5,600.00 ",2048
T90574,3/11/2021,"$8,200.00 ",2188
T88235,3/11/2021,"$3,970.00 ",2324
T88235,3/11/2021,$960.00 ,2324
T96094,3/11/2021,"$2,845.00 ",2724
T92912,3/11/2021,"$4,308.00 ",2723
T89965,3/11/2021,"$1,900.00 ",2061
T92759,3/11/2021,"$2,272.08 ",2043
T92759,3/11/2021,"$1,884.08 ",2043
T85652,3/11/2021,"$2,805.78 ",2061
T85652,3/11/2021,$700.00 ,2061
T89723,3/11/2021,"$2,819.77 ",2301
T89723,3/11/2021,"$1,000.00 ",2301
T90544,3/11/2021,"$4,550.00 ",2190
T95675,3/11/2021,"$10,000.00 ",2050
T89873,3/11/2021,"$4,860.00 ",2703
T89873,3/11/2021,$740.00 ,2703
T89873,3/11/2021,$740.00 ,2703
T96309,3/11/2021,"$4,812.00 ",2188
T96309,3/11/2021,$675.00 ,2188
T96343,3/11/2021,"$4,360.00 ",2189
T96315,3/11/2021,"$7,224.00 ",2368
T96358,3/11/2021,"$5,500.00 ",2779
T96390,3/11/2021,"$5,795.73 ",2721
T96390,3/11/2021,$300.00 ,2721
T92228,3/11/2021,"$4,200.00 ",2301
T95289,3/11/2021,$900.00 ,2536
T96893,3/12/2021,"$6,247.15 ",1420
T96436,3/12/2021,$569.88 ,1603
T92570,3/12/2021,$825.00 ,1550
T96267,3/12/2021,"$3,116.73 ",2119
T96534,3/12/2021,"$8,856.69 ",2121
600130501,3/12/2021,"$5,937.00 ",2119
T96251,3/12/2021,"$8,700.00 ",2124
T96305,3/12/2021,"$1,899.66 ",2115
T96305,3/12/2021,"$1,900.00 ",2115
T70918,3/12/2021,"$5,764.34 ",2111
T96831,3/12/2021,"$5,949.00 ",2151
T96437,3/12/2021,"$2,694.08 ",2210
T97249,3/12/2021,"$4,780.00 ",2150
T81242,3/12/2021,"$10,000.00 ",1801
T96621,3/12/2021,"$8,400.00 ",2151
T91277,3/12/2021,"$2,834.00 ",2122
t96429,3/12/2021,"$3,507.00 ",2121
T94291,3/12/2021,"$3,740.96 ",2126
T87236,3/12/2021,"$1,875.00 ",2180
T96524,3/12/2021,"$10,000.00 ",1801
T95693,3/12/2021,"$4,810.00 ",2152
T96775,3/12/2021,"$8,215.00 ",2148
T96827,3/12/2021,"$9,000.00 ",2215
T97067,3/12/2021,"$10,000.00 ",2152
T76910,3/12/2021,"$1,350.00 ",2130
T89277,3/12/2021,"$1,285.00 ",2126
T96547,3/12/2021,"$3,954.00 ",2130
T93638,3/15/2021,"$1,385.41 ",2056
T93638,3/15/2021,"$1,000.00 ",2056
T93638,3/15/2021,"$1,000.00 ",2056
T95015,3/15/2021,"$10,000.00 ",1752
T37799,3/15/2021,$875.00 ,1752
T37799,3/15/2021,$875.00 ,1752
T96426,3/15/2021,"$9,458.38 ",1364
T96200,3/15/2021,$561.00 ,1606
T94773,3/15/2021,"$9,550.00 ",1605
T91502,3/15/2021,"$3,450.00 ",1501
T91329,3/15/2021,"$1,650.00 ",1527
T86966,3/15/2021,"$1,135.50 ",1475
T86966,3/15/2021,"$1,135.00 ",1475
700054001,3/15/2021,"$10,000.00 ",1606
T91922,3/15/2021,"$2,153.74 ",1420
T96371,3/15/2021,"$2,700.00 ",1609
T91030,3/15/2021,"$3,772.26 ",1519
T97547,3/16/2021,"$2,520.00 ",1905
T96765,3/17/2021,"$3,182.00 ",1013
200023123,3/17/2021,"$7,200.00 ",1001
T89523,3/17/2021,"$2,844.29 ",1105
T96959,3/17/2021,"$10,000.00 ",1119
T96885,3/17/2021,"$4,487.50 ",1105
T96282,3/17/2021,"$3,300.00 ",1108
T96837,3/17/2021,"$1,893.65 ",1040
T96033,3/17/2021,$850.00 ,1040
T96033,3/17/2021,"$3,846.25 ",1040
T97204,3/17/2021,"$5,254.10 ",1013
T96875,3/17/2021,"$1,850.00 ",1040
T96875,3/17/2021,$925.00 ,1040
T86960,3/17/2021,"$4,250.00 ",1077
500104169,3/17/2021,"$6,989.00 ",1040
T96637,3/17/2021,"$4,052.00 ",1119
500086633,3/17/2021,"$2,960.00 ",1105
T74213,3/17/2021,"$4,465.00 ",1108
T92138,3/17/2021,"$10,000.00 ",1951
T96186,3/17/2021,"$4,992.00 ",1970
T96186,3/17/2021,"$1,500.00 ",1970
T91795,3/17/2021,"$7,628.00 ",1905
T91795,3/17/2021,"$1,186.00 ",1905
T91795,3/17/2021,"$1,186.00 ",1905
T97521,3/18/2021,$560.00 ,2302
T97521,3/18/2021,"$5,000.00 ",2302
T97723,3/18/2021,"$9,464.32 ",2302
T97717,3/18/2021,"$3,850.00 ",2360
T97568,3/18/2021,"$2,540.00 ",2301
T97551,3/18/2021,"$6,900.00 ",2360
T87564,3/18/2021,"$10,000.00 ",2301
T97082,3/18/2021,"$6,308.34 ",2780
T97082,3/18/2021,"$1,638.58 ",2780
T97464,3/18/2021,"$6,500.00 ",2720
T97053,3/18/2021,"$2,400.00 ",2301
T97698,3/18/2021,"$10,000.00 ",2740
T97322,3/18/2021,"$9,500.00 ",2191
T97322,3/18/2021,$500.00 ,2191
T97536,3/18/2021,"$2,825.00 ",2760
T97518,3/18/2021,"$2,575.00 ",2740
T96968,3/18/2021,"$6,780.00 ",2740
T92331,3/18/2021,"$1,631.00 ",1562
T91960,3/18/2021,"$1,467.72 ",1440
T91066,3/18/2021,"$7,172.16 ",1604
T91066,3/18/2021,$942.61 ,1604
T92388,3/18/2021,"$6,400.00 ",1604
T87630,3/18/2021,"$2,984.00 ",1581
T95405,3/18/2021,"$7,804.00 ",2536
T89671,3/18/2021,"$9,500.00 ",2632
T97307,3/18/2021,$815.00 ,2554
T85881,3/19/2021,"$1,500.00 ",1610
T97638,3/19/2021,"$3,690.38 ",1440
T97877,3/19/2021,"$2,145.00 ",1545
T98204,3/19/2021,"$8,595.00 ",2453
T97666,3/19/2021,"$6,954.86 ",2445
T97851,3/19/2021,"$1,886.97 ",2134
600167474,3/19/2021,"$2,858.00 ",2124
T98182 ,3/19/2021,"$5,076.00 ",2121
T97434,3/19/2021,"$2,550.00 ",2169
T97434,3/19/2021,"$1,275.00 ",2169
T97438,3/19/2021,"$3,500.00 ",2150
T97587,3/19/2021,"$6,100.00 ",2136
T98190,3/19/2021,"$4,130.00 ",2135
T98469,3/19/2021,"$1,300.00 ",2150
T98469,3/19/2021,$325.00 ,2150
T97612,3/19/2021,"$4,300.00 ",2128
T89535,3/19/2021,$386.00 ,1887
T98487,3/19/2021,"$10,000.00 ",2118
T98349,3/19/2021,"$10,000.00 ",2474
T98467,3/19/2021,"$8,065.00 ",2169
1500027363,3/19/2021,"$4,920.00 ",2129
1500008369,3/19/2021,"$5,194.00 ",2129
T98224,3/19/2021,"$1,701.27 ",2150
T94543,3/19/2021,"$5,115.00 ",2149
T97441,3/19/2021,"$4,103.67 ",2121
T97169,3/19/2021,"$4,743.42 ",1880
T97312,3/19/2021,"$1,350.00 ",1880
T97431,3/19/2021,"$9,600.00 ",2472
T98014,3/19/2021,"$1,750.00 ",2478
T98232,3/19/2021,"$10,000.00 ",2124
T98415,3/19/2021,"$8,435.31 ",2184
600154533,3/19/2021,"$6,664.08 ",2136
T98506,3/19/2021,"$8,577.00 ",2124
T97039,3/19/2021,"$1,450.00 ",2215
T97039,3/19/2021,"$1,450.00 ",2215
T98340,3/19/2021,"$4,500.00 ",2119
T98514,3/19/2021,"$7,078.24 ",2121
